first_name,last_name,constituency,gender,filename
Kathleen,Funchion,Carlow Kilkenny,F,en.carlow-kilkenny.kathleen-funchion.1.wav
Kathleen,Funchion,Carlow Kilkenny,F,en.carlow-kilkenny.kathleen-funchion.2.wav
Kathleen,Funchion,Carlow Kilkenny,F,en.carlow-kilkenny.kathleen-funchion.3.wav
Kathleen,Funchion,Carlow Kilkenny,F,en.carlow-kilkenny.kathleen-funchion.4.wav
Kathleen,Funchion,Carlow Kilkenny,F,en.carlow-kilkenny.kathleen-funchion.5.wav
Heather,Humphreys,Cavan Monaghan,F,en.cavan-monaghan.heather-humphreys.1.wav
Heather,Humphreys,Cavan Monaghan,F,en.cavan-monaghan.heather-humphreys.2.wav
Heather,Humphreys,Cavan Monaghan,F,en.cavan-monaghan.heather-humphreys.3.wav
Heather,Humphreys,Cavan Monaghan,F,en.cavan-monaghan.heather-humphreys.4.wav
Heather,Humphreys,Cavan Monaghan,F,en.cavan-monaghan.heather-humphreys.5.wav
Violet,Anne-Wynne,Claire,F,en.claire.violet-anne-wynne.1.wav
Violet,Anne-Wynne,Claire,F,en.claire.violet-anne-wynne.2.wav
Violet,Anne-Wynne,Claire,F,en.claire.violet-anne-wynne.3.wav
Violet,Anne-Wynne,Claire,F,en.claire.violet-anne-wynne.4.wav
Violet,Anne-Wynne,Claire,F,en.claire.violet-anne-wynne.5.wav
Violet,Anne-Wynne,Claire,F,en.claire.violet-anne-wynne.1.wav
Pat,Buckley,Cork East,M,en.cork-east.pat-buckley.1.wav
Pat,Buckley,Cork East,M,en.cork-east.pat-buckley.2.wav
Pat,Buckley,Cork East,M,en.cork-east.pat-buckley.3.wav
Pat,Buckley,Cork East,M,en.cork-east.pat-buckley.4.wav
Pat,Buckley,Cork East,M,en.cork-east.pat-buckley.5.wav
Mick,Barry,Cork North Central,M,en.cork-north-central.mick-barry.1.wav
Mick,Barry,Cork North Central,M,en.cork-north-central.mick-barry.2.wav
Mick,Barry,Cork North Central,M,en.cork-north-central.mick-barry.3.wav
Mick,Barry,Cork North Central,M,en.cork-north-central.mick-barry.4.wav
Mick,Barry,Cork North Central,M,en.cork-north-central.mick-barry.5.wav
Micheal,Creed,Cork North West,M,en.cork-north-west.michael-creed.1.wav
Micheal,Creed,Cork North West,M,en.cork-north-west.michael-creed.2.wav
Micheal,Creed,Cork North West,M,en.cork-north-west.michael-creed.3.wav
Micheal,Creed,Cork North West,M,en.cork-north-west.michael-creed.4.wav
Micheal,Creed,Cork North West,M,en.cork-north-west.michael-creed.5.wav
Micheal,Martin,Cork South Central,M,en.cork-south-central.micheal-martin.1.wav
Micheal,Martin,Cork South Central,M,en.cork-south-central.micheal-martin.2.wav
Micheal,Martin,Cork South Central,M,en.cork-south-central.micheal-martin.3.wav
Micheal,Martin,Cork South Central,M,en.cork-south-central.micheal-martin.4.wav
Micheal,Martin,Cork South Central,M,en.cork-south-central.micheal-martin.5.wav
Holly,Cairns,Cork South West,F,en.cork-south-west.holly-cairns.1.wav
Holly,Cairns,Cork South West,F,en.cork-south-west.holly-cairns.2.wav
Holly,Cairns,Cork South West,F,en.cork-south-west.holly-cairns.3.wav
Holly,Cairns,Cork South West,F,en.cork-south-west.holly-cairns.4.wav
Holly,Cairns,Cork South West,F,en.cork-south-west.holly-cairns.5.wav
Pearse,Doherty,Donegal,M,en.donegal.pearse-doherty.1.wav
Pearse,Doherty,Donegal,M,en.donegal.pearse-doherty.2.wav
Pearse,Doherty,Donegal,M,en.donegal.pearse-doherty.3.wav
Pearse,Doherty,Donegal,M,en.donegal.pearse-doherty.4.wav
Pearse,Doherty,Donegal,M,en.donegal.pearse-doherty.5.wav
Paschal,Donohoe,Dublin Bay Central,M,en.dublin-bay-central.paschal-donohoe.1.wav
Paschal,Donohoe,Dublin Bay Central,M,en.dublin-bay-central.paschal-donohoe.2.wav
Paschal,Donohoe,Dublin Bay Central,M,en.dublin-bay-central.paschal-donohoe.3.wav
Paschal,Donohoe,Dublin Bay Central,M,en.dublin-bay-central.paschal-donohoe.4.wav
Paschal,Donohoe,Dublin Bay Central,M,en.dublin-bay-central.paschal-donohoe.5.wav
Richard,Bruton,Dublin Bay North,M,en.dublin-bay-north.richard-bruton.1.wav
Richard,Bruton,Dublin Bay North,M,en.dublin-bay-north.richard-bruton.2.wav
Richard,Bruton,Dublin Bay North,M,en.dublin-bay-north.richard-bruton.3.wav
Richard,Bruton,Dublin Bay North,M,en.dublin-bay-north.richard-bruton.4.wav
Richard,Bruton,Dublin Bay North,M,en.dublin-bay-north.richard-bruton.5.wav
Ivana,Bacik,Dublin Bay South,F,en.dublin-bay-south.ivana-bacik.1.wav
Ivana,Bacik,Dublin Bay South,F,en.dublin-bay-south.ivana-bacik.2.wav
Ivana,Bacik,Dublin Bay South,F,en.dublin-bay-south.ivana-bacik.3.wav
Ivana,Bacik,Dublin Bay South,F,en.dublin-bay-south.ivana-bacik.4.wav
Ivana,Bacik,Dublin Bay South,F,en.dublin-bay-south.ivana-bacik.5.wav
Louise,OReilly,Dublin Fingal,F,en.dublin-fingal.louise-oreilly.1.wav
Louise,OReilly,Dublin Fingal,F,en.dublin-fingal.louise-oreilly.2.wav
Louise,OReilly,Dublin Fingal,F,en.dublin-fingal.louise-oreilly.3.wav
Louise,OReilly,Dublin Fingal,F,en.dublin-fingal.louise-oreilly.4.wav
Louise,OReilly,Dublin Fingal,F,en.dublin-fingal.louise-oreilly.5.wav
Gino,Kenny,Dublin Mid West,M,en.dublin-mid-west.gino-kenny.1.wav
Gino,Kenny,Dublin Mid West,M,en.dublin-mid-west.gino-kenny.2.wav
Gino,Kenny,Dublin Mid West,M,en.dublin-mid-west.gino-kenny.3.wav
Gino,Kenny,Dublin Mid West,M,en.dublin-mid-west.gino-kenny.4.wav
Gino,Kenny,Dublin Mid West,M,en.dublin-mid-west.gino-kenny.5.wav
Roisin,Shortall,Dublin North West,F,en.dublin-north-west.roisin-shortall.1.wav
Roisin,Shortall,Dublin North West,F,en.dublin-north-west.roisin-shortall.2.wav
Roisin,Shortall,Dublin North West,F,en.dublin-north-west.roisin-shortall.3.wav
Roisin,Shortall,Dublin North West,F,en.dublin-north-west.roisin-shortall.4.wav
Roisin,Shortall,Dublin North West,F,en.dublin-north-west.roisin-shortall.5.wav
Neale,Richmond,Dublin Rathdown,M,en.dublin-rathdown.neale-richmond.1.wav
Neale,Richmond,Dublin Rathdown,M,en.dublin-rathdown.neale-richmond.2.wav
Neale,Richmond,Dublin Rathdown,M,en.dublin-rathdown.neale-richmond.3.wav
Neale,Richmond,Dublin Rathdown,M,en.dublin-rathdown.neale-richmond.4.wav
Neale,Richmond,Dublin Rathdown,M,en.dublin-rathdown.neale-richmond.5.wav
Joan,Collins,Dublin South Central,F,en.dublin-south-central.joan-collins.1.wav
Joan,Collins,Dublin South Central,F,en.dublin-south-central.joan-collins.2.wav
Joan,Collins,Dublin South Central,F,en.dublin-south-central.joan-collins.3.wav
Joan,Collins,Dublin South Central,F,en.dublin-south-central.joan-collins.4.wav
Joan,Collins,Dublin South Central,F,en.dublin-south-central.joan-collins.5.wav
Colm,Brophy,Dublin South West,M,en.dublin-south-west.colm-brophy.1.wav
Colm,Brophy,Dublin South West,M,en.dublin-south-west.colm-brophy.2.wav
Colm,Brophy,Dublin South West,M,en.dublin-south-west.colm-brophy.3.wav
Colm,Brophy,Dublin South West,M,en.dublin-south-west.colm-brophy.4.wav
Colm,Brophy,Dublin South West,M,en.dublin-south-west.colm-brophy.5.wav
Leo,Varadkar,Dublin West,M,en.dublin-west.leo-varadkar.1.wav
Leo,Varadkar,Dublin West,M,en.dublin-west.leo-varadkar.2.wav
Leo,Varadkar,Dublin West,M,en.dublin-west.leo-varadkar.3.wav
Leo,Varadkar,Dublin West,M,en.dublin-west.leo-varadkar.4.wav
Leo,Varadkar,Dublin West,M,en.dublin-west.leo-varadkar.5.wav
Jennifer,Carroll Macneill,Dun Laoghaire,F,en.dun-laoghaire-jennifer-carroll-macneill.1.wav
Jennifer,Carroll Macneill,Dun Laoghaire,F,en.dun-laoghaire.jennifer-carroll-macneill.2.wav
Jennifer,Carroll Macneill,Dun Laoghaire,F,en.dun-laoghaire.jennifer-carroll-macneill.3.wav
Jennifer,Carroll Macneill,Dun Laoghaire,F,en.dun-laoghaire.jennifer-carroll-macneill.4.wav
Jennifer,Carroll Macneill,Dun Laoghaire,F,en.dun-laoghaire.jennifer-carroll-macneill.5.wav
Anne,Rabbitte,Galway East,F,en.galway-east.anne-rabbitte.1.wav
Anne,Rabbitte,Galway East,F,en.galway-east.anne-rabbitte.2.wav
Anne,Rabbitte,Galway East,F,en.galway-east.anne-rabbitte.3.wav
Anne,Rabbitte,Galway East,F,en.galway-east.anne-rabbitte.4.wav
Anne,Rabbitte,Galway East,F,en.galway-east.anne-rabbitte.5.wav
Catherine,Connolly,Galway West,F,en.galway-west.catherine-connolly.1.wav
Catherine,Connolly,Galway West,F,en.galway-west.catherine-connolly.2.wav
Catherine,Connolly,Galway West,F,en.galway-west.catherine-connolly.3.wav
Catherine,Connolly,Galway West,F,en.galway-west.catherine-connolly.4.wav
Catherine,Connolly,Galway West,F,en.galway-west.catherine-connolly.5.wav
Norma,Foley,Kerry,F,en.kerry.norma-foley.1.wav
Norma,Foley,Kerry,F,en.kerry.norma-foley.2.wav
Norma,Foley,Kerry,F,en.kerry.norma-foley.3.wav
Norma,Foley,Kerry,F,en.kerry.norma-foley.4.wav
Norma,Foley,Kerry,F,en.kerry.norma-foley.5.wav
Bernard,Durkan,Kildare North,M,en.kildare-north.bernard-durkan.1.wav
Bernard,Durkan,Kildare North,M,en.kildare-north.bernard-durkan.2.wav
Bernard,Durkan,Kildare North,M,en.kildare-north.bernard-durkan.3.wav
Bernard,Durkan,Kildare North,M,en.kildare-north.bernard-durkan.4.wav
Bernard,Durkan,Kildare North,M,en.kildare-north.bernard-durkan.5.wav
Patricia,Ryan,Kildare South,F,en.kildare-south.patricia-ryan.1.wav
Patricia,Ryan,Kildare South,F,en.kildare-south.patricia-ryan.2.wav
Patricia,Ryan,Kildare South,F,en.kildare-south.patricia-ryan.3.wav
Patricia,Ryan,Kildare South,F,en.kildare-south.patricia-ryan.4.wav
Patricia,Ryan,Kildare South,F,en.kildare-south.patricia-ryan.5.wav
Barry,Cowen,Laois-Offaly,M,en.laois-offaly.barry-cowen.1.wav
Barry,Cowen,Laois-Offaly,M,en.laois-offaly.barry-cowen.2.wav
Barry,Cowen,Laois-Offaly,M,en.laois-offaly.barry-cowen.3.wav
Barry,Cowen,Laois-Offaly,M,en.laois-offaly.barry-cowen.4.wav
Barry,Cowen,Laois-Offaly,M,en.laois-offaly.barry-cowen.5.wav
Brian,Leddin,Limerick City,M,en.limerick-city.brian-leddin.1.wav
Brian,Leddin,Limerick City,M,en.limerick-city.brian-leddin.2.wav
Brian,Leddin,Limerick City,M,en.limerick-city.brian-leddin.3.wav
Brian,Leddin,Limerick City,M,en.limerick-city.brian-leddin.4.wav
Brian,Leddin,Limerick City,M,en.limerick-city.brian-leddin.5.wav
Niall,Collins,Limerick County,M,en.limerick-county.niall-collins.1.wav
Niall,Collins,Limerick County,M,en.limerick-county.niall-collins.2.wav
Niall,Collins,Limerick County,M,en.limerick-county.niall-collins.3.wav
Niall,Collins,Limerick County,M,en.limerick-county.niall-collins.4.wav
Niall,Collins,Limerick County,M,en.limerick-county.niall-collins.5.wav
Sorca,Clarke,Longford-Westmeath,F,en.longford-westmeath.sorca-clarke.1.wav
Sorca,Clarke,Longford-Westmeath,F,en.longford-westmeath.sorca-clarke.2.wav
Sorca,Clarke,Longford-Westmeath,F,en.longford-westmeath.sorca-clarke.3.wav
Sorca,Clarke,Longford-Westmeath,F,en.longford-westmeath.sorca-clarke.4.wav
Sorca,Clarke,Longford-Westmeath,F,en.longford-westmeath.sorca-clarke.5.wav
Peter,Fitzpatrick,Louth,en.louth.peter-fitzpatrick.1.wav
Peter,Fitzpatrick,Louth,en.louth.peter-fitzpatrick.2.wav
Peter,Fitzpatrick,Louth,en.louth.peter-fitzpatrick.3.wav
Peter,Fitzpatrick,Louth,en.louth.peter-fitzpatrick.4.wav
Peter,Fitzpatrick,Louth,en.louth.peter-fitzpatrick.5.wav
Rose,Conway-Walsh,F,en.mayo.rose-conway-walsh.1.wav
Rose,Conway-Walsh,F,en.mayo.rose-conway-walsh.2.wav
Rose,Conway-Walsh,F,en.mayo.rose-conway-walsh.3.wav
Rose,Conway-Walsh,F,en.mayo.rose-conway-walsh.4.wav
Rose,Conway-Walsh,F,en.mayo.rose-conway-walsh.5.wav
Helen,McEntee,Meath East,F,en.meath-east.helen-mcentee.1.wav
Helen,McEntee,Meath East,F,en.meath-east.helen-mcentee.2.wav
Helen,McEntee,Meath East,F,en.meath-east.helen-mcentee.3.wav
Helen,McEntee,Meath East,F,en.meath-east.helen-mcentee.4.wav
Helen,McEntee,Meath East,F,en.meath-east.helen-mcentee.5.wav
Damien,English,Meast West,M,en.meath-west.damien-english.1.wav
Damien,English,Meast West,M,en.meath-west.damien-english.2.wav
Damien,English,Meast West,M,en.meath-west.damien-english.3.wav
Damien,English,Meast West,M,en.meath-west.damien-english.4.wav
Damien,English,Meast West,M,en.meath-west.damien-english.5.wav
Claire,Kerrane,Roscommon-Galway,F,en.roscommon-galway.claire-kerrane.1.wav
Claire,Kerrane,Roscommon-Galway,F,en.roscommon-galway.claire-kerrane.2.wav
Claire,Kerrane,Roscommon-Galway,F,en.roscommon-galway.claire-kerrane.3.wav
Claire,Kerrane,Roscommon-Galway,F,en.roscommon-galway.claire-kerrane.4.wav
Claire,Kerrane,Roscommon-Galway,F,en.roscommon-galway.claire-kerrane.5.wav
Marian,Harkin,Sligo-Leitrim,F,en.sligo-leitrim.marian-harkin.1.wav
Marian,Harkin,Sligo-Leitrim,F,en.sligo-leitrim.marian-harkin.2.wav
Marian,Harkin,Sligo-Leitrim,F,en.sligo-leitrim.marian-harkin.3.wav
Marian,Harkin,Sligo-Leitrim,F,en.sligo-leitrim.marian-harkin.4.wav
Marian,Harkin,Sligo-Leitrim,F,en.sligo-leitrim.marian-harkin.5.wav
Martin,Browne,Tipperary,M,en.tipperary.martin-browne.1.wav
Martin,Browne,Tipperary,M,en.tipperary.martin-browne.2.wav
Martin,Browne,Tipperary,M,en.tipperary.martin-browne.3.wav
Martin,Browne,Tipperary,M,en.tipperary.martin-browne.4.wav
Martin,Browne,Tipperary,M,en.tipperary.martin-browne.5.wav
Mary,Butler,Waterford,F,en.waterford.mary-butler.1.wav
Mary,Butler,Waterford,F,en.waterford.mary-butler.2.wav
Mary,Butler,Waterford,F,en.waterford.mary-butler.3.wav
Mary,Butler,Waterford,F,en.waterford.mary-butler.4.wav
Mary,Butler,Waterford,F,en.waterford.mary-butler.5.wav
Verona,Murphy,Wexford,F,en.wexford.verona-murphy.1.wav
Verona,Murphy,Wexford,F,en.wexford.verona-murphy.2.wav
Verona,Murphy,Wexford,F,en.wexford.verona-murphy.3.wav
Verona,Murphy,Wexford,F,en.wexford.verona-murphy.4.wav
Verona,Murphy,Wexford,F,en.wexford.verona-murphy.5.wav
John,Brady,Wicklow,M,en.wicklow.john-brady.1.wav
John,Brady,Wicklow,M,en.wicklow.john-brady.2.wav
John,Brady,Wicklow,M,en.wicklow.john-brady.3.wav
John,Brady,Wicklow,M,en.wicklow.john-brady.4.wav
John,Brady,Wicklow,M,en.wicklow.john-brady.5.wav
